Handle,Title,Body (HTML),Vendor,Product Category,Type,Tags,Published,Option1 Name,Option1 Value,Option1 Linked To,Option2 Name,Option2 Value,Option2 Linked To,Option3 Name,Option3 Value,Option3 Linked To,Variant SKU,Variant Grams,Variant Inventory Tracker,Variant Inventory Qty,Variant Inventory Policy,Variant Fulfillment Service,Variant Price,Variant Compare At Price,Variant Requires Shipping,Variant Taxable,Unit Price Total Measure,Unit Price Total Measure Unit,Unit Price Base Measure,Unit Price Base Measure Unit,Variant Barcode,Image Src,Image Position,Image Alt Text,Gift Card,SEO Title,SEO Description,Allergen information (product.metafields.shopify.allergen-information),Color (product.metafields.shopify.color-pattern),Dietary preferences (product.metafields.shopify.dietary-preferences),Food product form (product.metafields.shopify.food-product-form),Nut processing method (product.metafields.shopify.nut-processing-method),Nut/Seed type (product.metafields.shopify.nut-seed-type),Occasion (product.metafields.shopify.occasion),Variant Image,Variant Weight Unit,Variant Tax Code,Cost per item,Status
bhavnagri-s-special-chakri-250g-fresh-crispy-traditional-gujarati-snack-handmade-bhavnagari-namkeen,Bhavnagri’s Special Chakri 250g | Fresh & Crispy Traditional Gujarati Snack | Handmade Bhavnagari Namkeen,"<p data-start=""467"" data-end=""740"">Bring home the rich traditional flavor of Bhavnagar with Bhavnagri’s Special Chakri. Crafted using carefully selected premium ingredients and prepared fresh for maximum crunch, this authentic Gujarati namkeen delivers the perfect balance of taste and texture in every bite.</p>
<p data-start=""742"" data-end=""924"">Whether you enjoy it with hot tea, serve it to guests, pack it for travel, or include it in your daily snacks, Bhavnagri’s Special Chakri is the perfect companion for every occasion.</p>
<h3 data-section-id=""1orspav"" data-start=""926"" data-end=""948"">Why You’ll Love It</h3>
<ul data-start=""949"" data-end=""1204"">
<li data-section-id=""edtlsi"" data-start=""949"" data-end=""980"">Authentic Bhavnagari recipe</li>
<li data-section-id=""xaew54"" data-start=""981"" data-end=""1020"">Crispy, crunchy &amp; flavorful texture</li>
<li data-section-id=""w58prf"" data-start=""1021"" data-end=""1060"">Freshly prepared for superior taste</li>
<li data-section-id=""bc905j"" data-start=""1061"" data-end=""1102"">Made with premium quality ingredients</li>
<li data-section-id=""u0f8ot"" data-start=""1103"" data-end=""1153"">Hygienically packed in reusable 250g container</li>
<li data-section-id=""1odibm2"" data-start=""1154"" data-end=""1204"">Perfect for tea-time, office, travel &amp; gifting</li>
</ul>",Bhavnagris,"Food, Beverages & Tobacco > Food Items > Snack Foods","","",true,Title,Default Title,,,,,,,,,0.0,shopify,12,deny,manual,125.00,,true,true,,,,,"",https://cdn.shopify.com/s/files/1/0979/4112/7479/files/Create_a_premium_e-commerce_hero_202605062348.jpg?v=1778270587,1,"",false,,,,,vegetarian,preserved,,,,,kg,,,active
bhavnagri-s-special-chakri-250g-fresh-crispy-traditional-gujarati-snack-handmade-bhavnagari-namkeen,,,,,,,,,,,,,,,,,,,,,,,,,,,,,,,,https://cdn.shopify.com/s/files/1/0979/4112/7479/files/Create_a_premium_e-commerce_4-panel_202605062350.jpg?v=1778270587,2,"",,,,,,,,,,,,,,,
bhavnagri-s-special-chakri-250g-fresh-crispy-traditional-gujarati-snack-handmade-bhavnagari-namkeen,,,,,,,,,,,,,,,,,,,,,,,,,,,,,,,,https://cdn.shopify.com/s/files/1/0979/4112/7479/files/Create_a_premium_e-commerce_feature_202605062349_38d36b14-a788-411a-b593-762e7a5f807f.jpg?v=1778270944,3,"",,,,,,,,,,,,,,,
bhavnagri-s-special-chakri-250g-fresh-crispy-traditional-gujarati-snack-handmade-bhavnagari-namkeen,,,,,,,,,,,,,,,,,,,,,,,,,,,,,,,,https://cdn.shopify.com/s/files/1/0979/4112/7479/files/Create_a_premium_lifestyle_e-commerce_202605062349_4bec7ee3-e71f-4b43-92f3-3001bb87bac3.jpg?v=1778270945,4,"",,,,,,,,,,,,,,,
bhavnagri-s-special-chakri-250g-fresh-crispy-traditional-gujarati-snack-handmade-bhavnagari-namkeen,,,,,,,,,,,,,,,,,,,,,,,,,,,,,,,,https://cdn.shopify.com/s/files/1/0979/4112/7479/files/Create_a_premium_close-up_trust-building_202605062350.jpg?v=1778270587,5,"",,,,,,,,,,,,,,,
premium-men-perfume-50ml-long-lasting-luxury-fragrance,Premium Men Perfume 50ml – Long Lasting Luxury Fragrance,"<p data-start=""195"" data-end=""852"">Experience true luxury with this premium men’s perfume crafted for confidence and success. Designed with a high concentration Extrait de Parfum formula, this fragrance delivers an intense, long-lasting scent that stays with you all day. The rich and powerful aroma is perfect for modern men who want to make a strong impression in office meetings, social gatherings, or special occasions. Its elegant glass bottle and premium packaging make it an excellent gifting choice for birthdays, anniversaries, and festive occasions. Whether you’re heading to work or a night event, this perfume enhances your personality and leaves a lasting impact wherever you go.</p>
<hr data-start=""854"" data-end=""857"">
<h1 data-section-id=""1m8pjs6"" data-start=""859"" data-end=""889"">🔥 KEY FEATURES (POINT-WISE)</h1>
<h3 data-section-id=""1tmyc7l"" data-start=""891"" data-end=""922"">✨ Premium Quality Fragrance</h3>
<ul data-start=""923"" data-end=""1021"">
<li data-section-id=""cno7ox"" data-start=""923"" data-end=""982"">Made with <strong data-start=""935"" data-end=""982"">high concentration (Extrait de Parfum ~80%)</strong>
</li>
<li data-section-id=""1ocpo02"" data-start=""983"" data-end=""1021"">Strong, rich, and long-lasting scent</li>
</ul>
<h3 data-section-id=""kkw0st"" data-start=""1023"" data-end=""1053"">⏳ Long Lasting Performance</h3>
<ul data-start=""1054"" data-end=""1131"">
<li data-section-id=""x4ufrz"" data-start=""1054"" data-end=""1101"">Stays for <strong data-start=""1066"" data-end=""1080"">8–12 hours</strong> (depending on usage)</li>
<li data-section-id=""bh5zcl"" data-start=""1102"" data-end=""1131"">Ideal for <strong data-start=""1114"" data-end=""1131"">full-day wear</strong>
</li>
</ul>
<h3 data-section-id=""f3zg4v"" data-start=""1133"" data-end=""1166"">👔 Perfect for Every Occasion</h3>
<ul data-start=""1167"" data-end=""1222"">
<li data-section-id=""1ui9z9j"" data-start=""1167"" data-end=""1204"">Office, meetings, parties, weddings</li>
<li data-section-id=""71qqa5"" data-start=""1205"" data-end=""1222"">Day &amp; night use</li>
</ul>
<h3 data-section-id=""xrziw4"" data-start=""1224"" data-end=""1254"">🎯 Designed for Modern Men</h3>
<ul data-start=""1255"" data-end=""1332"">
<li data-section-id=""u2k6bx"" data-start=""1255"" data-end=""1290"">Boosts confidence and personality</li>
<li data-section-id=""17n9j08"" data-start=""1291"" data-end=""1332"">Ideal for professionals &amp; entrepreneurs</li>
</ul>
<h3 data-section-id=""1lzseal"" data-start=""1334"" data-end=""1376"">🎁 Luxury Packaging (Best for Gifting)</h3>
<ul data-start=""1377"" data-end=""1460"">
<li data-section-id=""5wmbbt"" data-start=""1377"" data-end=""1407"">Elegant bottle + premium box</li>
<li data-section-id=""ejikfu"" data-start=""1408"" data-end=""1460"">Perfect gift for <strong data-start=""1427"" data-end=""1460"">men, husband, boyfriend, boss</strong>
</li>
</ul>
<h3 data-section-id=""1qwf9tp"" data-start=""1462"" data-end=""1493"">🌿 High-Quality Ingredients</h3>
<ul data-start=""1494"" data-end=""1586"">
<li data-section-id=""1ymx21m"" data-start=""1494"" data-end=""1547"">Contains perfume oils, essential oils, and DI water</li>
<li data-section-id=""1o71deu"" data-start=""1548"" data-end=""1586"">Smooth and skin-friendly formulation</li>
</ul>
<h3 data-section-id=""1y5z2kw"" data-start=""1588"" data-end=""1628"">🔥 Strong &amp; Attractive Scent Profile</h3>
<ul data-start=""1629"" data-end=""1707"">
<li data-section-id=""xo9lzn"" data-start=""1629"" data-end=""1677"">Leaves a <strong data-start=""1640"" data-end=""1677"">powerful and memorable impression</strong>
</li>
<li data-section-id=""1sf79a4"" data-start=""1678"" data-end=""1707"">Suitable for Indian climate</li>
</ul>
<h3 data-section-id=""n2ixp9"" data-start=""1709"" data-end=""1736"">👜 Travel Friendly Size</h3>
<ul data-start=""1737"" data-end=""1787"">
<li data-section-id=""1hazsq7"" data-start=""1737"" data-end=""1762"">Compact <strong data-start=""1747"" data-end=""1762"">50ml bottle</strong>
</li>
<li data-section-id=""a64cn1"" data-start=""1763"" data-end=""1787"">Easy to carry anywhere</li>
</ul>",Bhavnagris,Health & Beauty > Personal Care > Cosmetics > Perfumes & Colognes > Eaux de Parfum,"",organic,true,Title,Default Title,,,,,,,,,0.0,shopify,0,deny,manual,599.00,699.00,true,true,,,,,"",https://cdn.shopify.com/s/files/1/0979/4112/7479/files/best_background_image_202604040140_1.jpg?v=1775663910,1,"",false,,,,gold,,,,,everyday; formal; special-occasion,,kg,,,active
premium-men-perfume-50ml-long-lasting-luxury-fragrance,,,,,,,,,,,,,,,,,,,,,,,,,,,,,,,,https://cdn.shopify.com/s/files/1/0979/4112/7479/files/best_background_image_202604040140.jpg?v=1775663910,2,"",,,,,,,,,,,,,,,
premium-men-perfume-50ml-long-lasting-luxury-fragrance,,,,,,,,,,,,,,,,,,,,,,,,,,,,,,,,https://cdn.shopify.com/s/files/1/0979/4112/7479/files/best_background_image_202604040142.jpg?v=1775663910,3,"",,,,,,,,,,,,,,,
premium-men-perfume-50ml-long-lasting-luxury-fragrance,,,,,,,,,,,,,,,,,,,,,,,,,,,,,,,,https://cdn.shopify.com/s/files/1/0979/4112/7479/files/best_use_indian_202604040142.jpg?v=1775663910,4,"",,,,,,,,,,,,,,,
premium-men-perfume-50ml-long-lasting-luxury-fragrance,,,,,,,,,,,,,,,,,,,,,,,,,,,,,,,,https://cdn.shopify.com/s/files/1/0979/4112/7479/files/Generate_a_high-quality_202604040140_2.jpg?v=1775663910,5,"",,,,,,,,,,,,,,,
scentt-vent-blue-luxury-perfume-20ml-long-lasting-perfume-spray-for-men-women-premium-fragrance,Scentt Vent Blue Luxury Perfume 20ML | Long Lasting Perfume Spray for Men & Women | Premium Fragrance,"<p data-start=""1311"" data-end=""1551"">Experience a refined fragrance with Scentt Vent Blue Luxury Perfume, crafted for those who appreciate elegance in everyday moments. Designed in a compact 20ML bottle, this perfume offers convenience without compromising on style or quality.</p>
<p data-start=""1553"" data-end=""1798"">The fragrance delivers a fresh and modern scent profile that suits both daily wear and special occasions. Whether you are heading to work, a casual outing, or an evening event, a few sprays are enough to keep you feeling confident and refreshed.</p>
<p data-start=""1800"" data-end=""2111"">Made with a blend of perfume, essential oils, and purified water, it provides a balanced fragrance experience that is smooth and pleasant. The premium glass bottle paired with a sleek gold cap adds a touch of sophistication, making it a great addition to your personal collection or a thoughtful gifting option.</p>
<p data-start=""2113"" data-end=""2254"">Scentt Vent Blue is perfect for those who prefer a compact, stylish, and easy-to-carry perfume that complements their lifestyle effortlessly.</p>
<p data-start=""2113"" data-end=""2254""> </p>",Bhavnagris,Health & Beauty > Personal Care > Cosmetics > Perfumes & Colognes > Eaux de Parfum,"",organic,true,Title,Default Title,,,,,,,,,350.0,shopify,55,deny,manual,249.00,,true,true,,,,,"",https://cdn.shopify.com/s/files/1/0979/4112/7479/files/best_creative_background_202604040212_1.jpg?v=1775307378,1,"",false,,,,blue,,,,,everyday; special-occasion,,g,,,active
scentt-vent-blue-luxury-perfume-20ml-long-lasting-perfume-spray-for-men-women-premium-fragrance,,,,,,,,,,,,,,,,,,,,,,,,,,,,,,,,https://cdn.shopify.com/s/files/1/0979/4112/7479/files/best_creative_background_202604040212.jpg?v=1775307378,2,"",,,,,,,,,,,,,,,
scentt-vent-blue-luxury-perfume-20ml-long-lasting-perfume-spray-for-men-women-premium-fragrance,,,,,,,,,,,,,,,,,,,,,,,,,,,,,,,,https://cdn.shopify.com/s/files/1/0979/4112/7479/files/Generate_a_high-quality_202604040212_1.jpg?v=1775307378,3,"",,,,,,,,,,,,,,,
scentt-vent-blue-luxury-perfume-20ml-long-lasting-perfume-spray-for-men-women-premium-fragrance,,,,,,,,,,,,,,,,,,,,,,,,,,,,,,,,https://cdn.shopify.com/s/files/1/0979/4112/7479/files/Generate_a_high-quality_202604040212.jpg?v=1775307378,4,"",,,,,,,,,,,,,,,
scentt-vent-blue-luxury-perfume-20ml-long-lasting-perfume-spray-for-men-women-premium-fragrance,,,,,,,,,,,,,,,,,,,,,,,,,,,,,,,,https://cdn.shopify.com/s/files/1/0979/4112/7479/files/Generate_a_high-quality_202604040213.jpg?v=1775307378,5,"",,,,,,,,,,,,,,,
granth-incense-shivaalaya-agarbatti-sticks-divine-fragrance-incense-for-puja-mandir-meditation-use,"Granth Incense Shivaalaya Agarbatti Sticks | Divine Fragrance Incense for Puja, Mandir & Meditation Use","<p data-start=""1274"" data-end=""1552"">Bring home a sense of calm and devotion with Granth Incense Shivaalaya Agarbatti, inspired by the spiritual essence of Lord Shiva. Designed for daily puja, meditation, and peaceful living, these incense sticks release a gentle divine fragrance that transforms your surroundings.</p>
<p data-start=""1554"" data-end=""1836"">Each stick burns evenly, offering a consistent aroma that helps create a serene and focused environment. Whether used during morning prayers, evening aarti, or quiet meditation moments, the fragrance enhances your spiritual experience and brings a feeling of balance and positivity.</p>
<p data-start=""1838"" data-end=""2077"">The premium packaging reflects the divine theme, making it suitable not only for personal use but also for gifting during religious occasions and festivals. Simple to use and thoughtfully crafted, it fits perfectly into your daily rituals.</p>
<p data-start=""2079"" data-end=""2207"">Granth Incense combines tradition with quality, offering a fragrance that connects you with devotion, calmness, and inner peace.</p>",Bhavnagris,Religious & Ceremonial > Religious Items,"",organic,true,Title,Default Title,,,,,,,,,100.0,shopify,55,deny,manual,230.00,,true,true,,,,,"",https://cdn.shopify.com/s/files/1/0979/4112/7479/files/best_creative_beckground_202604040151_1.jpg?v=1775250324,1,"",false,,,,,,,,,,,g,,,active
granth-incense-shivaalaya-agarbatti-sticks-divine-fragrance-incense-for-puja-mandir-meditation-use,,,,,,,,,,,,,,,,,,,,,,,,,,,,,,,,https://cdn.shopify.com/s/files/1/0979/4112/7479/files/best_creative_beckground_202604040151.jpg?v=1775250324,2,"",,,,,,,,,,,,,,,
granth-incense-shivaalaya-agarbatti-sticks-divine-fragrance-incense-for-puja-mandir-meditation-use,,,,,,,,,,,,,,,,,,,,,,,,,,,,,,,,https://cdn.shopify.com/s/files/1/0979/4112/7479/files/Generate_a_high-quality_202604040151_1.jpg?v=1775250324,3,"",,,,,,,,,,,,,,,
granth-incense-shivaalaya-agarbatti-sticks-divine-fragrance-incense-for-puja-mandir-meditation-use,,,,,,,,,,,,,,,,,,,,,,,,,,,,,,,,https://cdn.shopify.com/s/files/1/0979/4112/7479/files/Generate_a_high-quality_202604040151_2.jpg?v=1775250324,4,"",,,,,,,,,,,,,,,
granth-incense-shivaalaya-agarbatti-sticks-divine-fragrance-incense-for-puja-mandir-meditation-use,,,,,,,,,,,,,,,,,,,,,,,,,,,,,,,,https://cdn.shopify.com/s/files/1/0979/4112/7479/files/Generate_a_high-quality_202604040151.jpg?v=1775250324,5,"",,,,,,,,,,,,,,,
scentt-vent-kesar-chandan-kapoor-room-spray-luxury-room-fragrance-spray-for-home-office-puja-use,"Scentt Vent Kesar Chandan Kapoor Room Spray | Luxury Room Fragrance Spray for Home, Office & Puja Use","<p data-start=""1276"" data-end=""1562"">Transform your space with the soothing aroma of Scentt Vent Kesar Chandan Kapoor Room Fragrance Spray. Inspired by traditional Indian scents, this luxurious blend combines the richness of kesar, the warmth of chandan, and the purity of kapoor to create a calm and refreshing atmosphere.</p>
<p data-start=""1564"" data-end=""1821"">Perfect for everyday use, this room spray instantly uplifts your surroundings—whether at home, in your office, or in your mandir. A few sprays are enough to refresh the space and create a peaceful, inviting environment for relaxation, prayer, or meditation.</p>
<p data-start=""1823"" data-end=""2091"">The convenient spray bottle design allows for easy use anytime you want to eliminate unwanted odors or simply enhance the mood of your room. The premium packaging reflects elegance and makes it a great gifting option for festivals, housewarmings, or special occasions.</p>
<p data-start=""2093"" data-end=""2256"">Scentt Vent brings together traditional fragrance inspiration with modern convenience, offering a refined scent experience that feels both familiar and refreshing.</p>
<p data-start=""2093"" data-end=""2256""><meta charset=""utf-8"">room spray, room freshener spray, kesar chandan kapoor fragrance, luxury room fragrance, air freshener spray India, home fragrance spray, room perfume India, kapoor room freshener, chandan room spray, kesar fragrance spray, buy room freshener online India, long lasting room spray, premium air freshener India, mandir fragrance spray, pooja room freshener, room spray for home India, fragrance spray for office, best room freshener India, natural fragrance spray India, sugandhit room spray, ghar ke liye room freshener, kapoor spray for room, chandan kapoor room spray, luxury home fragrance India</p>",Bhavnagris,Home & Garden > Decor > Home Fragrances,"",organic,true,Title,Default Title,,,,,,,,,100.0,shopify,45,deny,manual,349.00,,true,true,,,,,"",https://cdn.shopify.com/s/files/1/0979/4112/7479/files/bast_use_case_202604030113.jpg?v=1775246571,1,"",false,,,,white,,,,,,,g,,,active
scentt-vent-kesar-chandan-kapoor-room-spray-luxury-room-fragrance-spray-for-home-office-puja-use,,,,,,,,,,,,,,,,,,,,,,,,,,,,,,,,https://cdn.shopify.com/s/files/1/0979/4112/7479/files/Generate_a_high-quality_202604030110_1.jpg?v=1775246571,2,"",,,,,,,,,,,,,,,
scentt-vent-kesar-chandan-kapoor-room-spray-luxury-room-fragrance-spray-for-home-office-puja-use,,,,,,,,,,,,,,,,,,,,,,,,,,,,,,,,https://cdn.shopify.com/s/files/1/0979/4112/7479/files/Generate_a_high-quality_202604030110.jpg?v=1775246571,3,"",,,,,,,,,,,,,,,
granth-incense-navratri-agarbatti-sticks-100g-divine-fragrance-incense-for-puja-mandir-home-use,"Granth Incense Navratri Agarbatti Sticks (100g) | Divine Fragrance Incense for Puja, Mandir & Home Use","<p data-start=""1119"" data-end=""1416"">Celebrate the spirit of devotion with Granth Incense Navratri Agarbatti, specially designed to enhance your festive and daily rituals. Infused with a divine fragrance, these incense sticks create a calming and uplifting environment that complements your prayers, meditation, and spiritual moments.</p>
<p data-start=""1418"" data-end=""1726"">Perfect for Navratri celebrations, daily puja, and temple use, each stick burns evenly to release a consistent aroma that fills your surroundings with peace and positivity. Whether you are performing aarti or simply seeking a tranquil atmosphere at home, this fragrance helps you feel connected and centered.</p>
<p data-start=""1728"" data-end=""1959"">The vibrant and festive packaging reflects traditional Indian culture, making it a great choice for gifting during Navratri and other auspicious occasions. Crafted to suit everyday use, it blends convenience with a spiritual touch.</p>
<p data-start=""1961"" data-end=""2119"">Granth Incense brings together tradition and quality, offering a fragrance that supports your rituals and enhances your living space with warmth and devotion.</p>
<p data-start=""2960"" data-end=""3007"">Navratri Special Agarbatti – Divine Fragrance</p>
<p data-start=""3009"" data-end=""3163"">Navratri aur daily puja ke liye perfect agarbatti. Iski fragrance soothing aur long lasting hai jo ghar mein shanti aur positive environment banati hai.</p>
<p data-start=""3165"" data-end=""3293"">Mandir, ghar ya meditation ke liye best choice. Attractive festive packing ke saath aata hai, gifting ke liye bhi perfect hai.</p>
<p data-start=""3295"" data-end=""3351"">Roz use karo aur apne ghar ko banaao aur bhi peaceful.</p>
<p data-start=""3394"" data-end=""3472"">Embrace the vibrant spirit of Navratri with Granth Incense Navratri Agarbatti.</p>
<p data-start=""3474"" data-end=""3731"">Inspired by festive devotion and cultural richness, this incense is crafted to elevate your rituals with a refined divine fragrance. As each stick gently burns, it releases a calming aroma that fills your space with warmth, positivity, and spiritual energy.</p>
<p data-start=""3733"" data-end=""3915"">The thoughtfully designed packaging reflects celebration and tradition, making it a meaningful addition to your puja essentials or a graceful gifting choice during festive occasions.</p>
<p data-start=""3917"" data-end=""4050"">Whether used in quiet moments of prayer or during lively celebrations, it creates an atmosphere that feels both sacred and uplifting.</p>
<p data-start=""4052"" data-end=""4100"">A fragrance that celebrates devotion, every day.</p>",Bhavnagris,Home & Garden > Decor > Home Fragrances > Incense,"","guggal, organic",true,Title,Default Title,,,,,,,,,100.0,shopify,48,deny,manual,230.00,,true,true,,,,,"",https://cdn.shopify.com/s/files/1/0979/4112/7479/files/another_background_2K_202604030229.jpg?v=1775245250,1,"",false,,,,brown,,,,,,,g,,,active
granth-incense-navratri-agarbatti-sticks-100g-divine-fragrance-incense-for-puja-mandir-home-use,,,,,,,,,,,,,,,,,,,,,,,,,,,,,,,,https://cdn.shopify.com/s/files/1/0979/4112/7479/files/Generate_a_high-quality_202604030226.jpg?v=1775245250,2,"",,,,,,,,,,,,,,,
granth-incense-navratri-agarbatti-sticks-100g-divine-fragrance-incense-for-puja-mandir-home-use,,,,,,,,,,,,,,,,,,,,,,,,,,,,,,,,https://cdn.shopify.com/s/files/1/0979/4112/7479/files/make_best_background_202604030132.jpg?v=1775245250,3,"",,,,,,,,,,,,,,,
granth-incense-navratri-agarbatti-sticks-100g-divine-fragrance-incense-for-puja-mandir-home-use,,,,,,,,,,,,,,,,,,,,,,,,,,,,,,,,https://cdn.shopify.com/s/files/1/0979/4112/7479/files/Product_image_for_202604030124.jpg?v=1775245250,4,"",,,,,,,,,,,,,,,
granth-incense-durgaa-pooja-agarbatti-divine-fragrance-premium-puja-incense-sticks-for-home-temple,Granth Incense Durgaa Pooja Agarbatti (Divine Fragrance) | Premium Puja Incense Sticks for Home & Temple,"<p data-start=""1095"" data-end=""1368"">Immerse your space in devotion with Granth Incense Durgaa Pooja Agarbatti, crafted to elevate your daily spiritual rituals. Inspired by traditional Indian incense culture, these agarbatti sticks release a soothing divine fragrance that creates a calm and sacred atmosphere.</p>
<p data-start=""1370"" data-end=""1636"">Whether used during morning prayers, evening aarti, or meditation, the gentle aroma helps you focus, relax, and connect with a deeper sense of peace. Each stick burns evenly, offering a consistent fragrance that fills your home, temple, or workspace with positivity.</p>
<p data-start=""1638"" data-end=""1855"">The beautifully designed packaging, featuring Goddess Durga, reflects strength, purity, and devotion—making it a perfect addition to your puja essentials or a thoughtful gift during festivals like Navratri and Diwali.</p>
<p data-start=""1857"" data-end=""2050"">Granth Incense combines tradition with quality to deliver a fragrance experience that feels both authentic and uplifting. Bring home a sense of serenity and devotion with every stick you light.</p>",Bhavnagris,Religious & Ceremonial > Religious Items,"",organic,true,Title,Default Title,,,,,,,,,100.0,shopify,55,deny,manual,230.00,,true,true,,,,,"",https://cdn.shopify.com/s/files/1/0979/4112/7479/files/change_background_2K_202604030106.jpg?v=1775163748,1,"",false,,,,brown,,,,,,,g,,,active
granth-incense-durgaa-pooja-agarbatti-divine-fragrance-premium-puja-incense-sticks-for-home-temple,,,,,,,,,,,,,,,,,,,,,,,,,,,,,,,,https://cdn.shopify.com/s/files/1/0979/4112/7479/files/Generate_a_high-quality_202604030102.jpg?v=1775163749,2,"",,,,,,,,,,,,,,,
granth-incense-durgaa-pooja-agarbatti-divine-fragrance-premium-puja-incense-sticks-for-home-temple,,,,,,,,,,,,,,,,,,,,,,,,,,,,,,,,https://cdn.shopify.com/s/files/1/0979/4112/7479/files/Generate_a_high-quality_202604030104.jpg?v=1775163748,3,"",,,,,,,,,,,,,,,
granth-incense-durgaa-pooja-agarbatti-divine-fragrance-premium-puja-incense-sticks-for-home-temple,,,,,,,,,,,,,,,,,,,,,,,,,,,,,,,,https://cdn.shopify.com/s/files/1/0979/4112/7479/files/make_canva_type_202604030107.jpg?v=1775163750,4,"",,,,,,,,,,,,,,,
granth-incense-babbaji-agarbatti-sticks-divine-fragrance-incense-long-lasting-puja-agarbatti-premium-dhoop-sticks,Granth Incense Babbaji Agarbatti Sticks | Divine Fragrance Incense | Long Lasting Puja Agarbatti | Premium Dhoop Sticks,"<p data-start=""1100"" data-end=""1412"">Experience the essence of devotion with Granth Incense Babbaji Agarbatti, crafted to bring peace, positivity, and spiritual calm into your space. Designed for everyday puja, meditation, and mindful living, these incense sticks release a gentle yet long-lasting divine fragrance that transforms your surroundings.</p>
<p data-start=""1414"" data-end=""1714"">Each stick burns evenly, filling your home, temple, or workspace with a soothing aroma that helps create a focused and serene environment. Whether you are starting your day with prayer or winding down with meditation, this fragrance enhances the overall experience with a sense of purity and balance.</p>
<p data-start=""1716"" data-end=""2027"">The premium packaging reflects the spiritual essence of the product, making it a thoughtful choice for gifting during festivals, religious ceremonies, or personal use. Inspired by traditional Indian incense culture, Granth Incense ensures a consistent and pleasant fragrance that aligns with your daily rituals.</p>
<p data-start=""2029"" data-end=""2111"">Bring home a fragrance that connects you with calmness, devotion, and inner peace.</p>
<p data-start=""3449"" data-end=""3548"">Infuse your space with a sense of calm and quiet devotion through Granth Incense Babbaji Agarbatti.</p>
<p data-start=""3550"" data-end=""3856"">Carefully designed for those who value daily rituals and mindful moments, this incense offers a refined divine fragrance that lingers gently, creating an atmosphere of peace and clarity. Each stick burns with consistency, releasing a balanced aroma that complements prayer, meditation, and everyday living.</p>
<p data-start=""3858"" data-end=""4097"">Encased in elegantly designed packaging, it reflects a blend of tradition and understated sophistication. Whether placed in your home temple or shared as a thoughtful gift, it becomes a subtle yet meaningful part of your spiritual routine.</p>
<p data-start=""4099"" data-end=""4187"">A fragrance that does not overpower, but quietly transforms your space into a sanctuary.</p>",Bhavnagris,Home & Garden > Decor > Home Fragrances > Incense,"","",true,Title,Default Title,,,,,,,,,100.0,shopify,55,deny,manual,230.00,,true,true,,,,,"",https://cdn.shopify.com/s/files/1/0979/4112/7479/files/Amazon_Flipkart_Meesho_202604030030.jpg?v=1775163262,1,"",false,,,,brown; gold,,,,,,,g,,,active
granth-incense-babbaji-agarbatti-sticks-divine-fragrance-incense-long-lasting-puja-agarbatti-premium-dhoop-sticks,,,,,,,,,,,,,,,,,,,,,,,,,,,,,,,,https://cdn.shopify.com/s/files/1/0979/4112/7479/files/Generate_a_high-quality_202604030035_1.jpg?v=1775163262,2,"",,,,,,,,,,,,,,,
granth-incense-babbaji-agarbatti-sticks-divine-fragrance-incense-long-lasting-puja-agarbatti-premium-dhoop-sticks,,,,,,,,,,,,,,,,,,,,,,,,,,,,,,,,https://cdn.shopify.com/s/files/1/0979/4112/7479/files/Generate_a_high-quality_202604030035_2.jpg?v=1775163262,3,"",,,,,,,,,,,,,,,
granth-incense-babbaji-agarbatti-sticks-divine-fragrance-incense-long-lasting-puja-agarbatti-premium-dhoop-sticks,,,,,,,,,,,,,,,,,,,,,,,,,,,,,,,,https://cdn.shopify.com/s/files/1/0979/4112/7479/files/Generate_a_high-quality_202604030035.jpg?v=1775163262,4,"",,,,,,,,,,,,,,,
granth-incense-sambrani-dhoop-cups-12-pcs-with-holder-gir-cow-dung-natural-puja-dhoop-long-lasting-fragrance,Granth Incense Sambrani Dhoop Cups (12 Pcs) with Holder | Gir Cow Dung | Natural Puja Dhoop | Long Lasting Fragrance,"<p data-start=""1540"" data-end=""1821"">Bring home the purity of tradition with Granth Incense Sambrani Cups, thoughtfully crafted using natural Gir cow dung and sacred ingredients. Designed for daily puja, meditation, and spiritual rituals, these dhoop cups create a calming atmosphere with their rich, earthy fragrance.</p>
<p data-start=""1823"" data-end=""2095"">Each box contains 12 ready-to-use sambrani cups along with a beautifully designed holder, making your पूजा experience easy and mess-free. Simply light the cup and let the soothing aroma purify your surroundings, remove unwanted odors, and enhance positivity in your space.</p>
<p data-start=""2097"" data-end=""2374"">The premium kraft packaging not only ensures product safety but also makes it a perfect gifting option for festivals like Diwali, Navratri, or housewarming occasions. Whether used in homes, temples, or offices, these sambrani cups help create a divine and peaceful environment.</p>
<p data-start=""2376"" data-end=""2556"">Granth Incense focuses on delivering natural and traditional solutions that connect you with Indian spiritual roots. Experience purity, simplicity, and devotion in every fragrance.</p>",Bhavnagris,Home & Garden,"","guggal, organic",true,Title,Default Title,,,,,,,,,350.0,shopify,50,deny,manual,350.00,,true,true,,,,,"",https://cdn.shopify.com/s/files/1/0979/4112/7479/files/make_amazon_flipkar_202604030001_1_4f5cd3af-1b56-4bbf-8aa7-1a58074d2e0d.jpg?v=1775155542,1,"",false,,,,,,,,,,,g,,,active
granth-incense-sambrani-dhoop-cups-12-pcs-with-holder-gir-cow-dung-natural-puja-dhoop-long-lasting-fragrance,,,,,,,,,,,,,,,,,,,,,,,,,,,,,,,,https://cdn.shopify.com/s/files/1/0979/4112/7479/files/make_amazon_flipkar_202604030001_280244da-44eb-492c-920c-d16796a9a51f.jpg?v=1775155544,2,"",,,,,,,,,,,,,,,
granth-incense-sambrani-dhoop-cups-12-pcs-with-holder-gir-cow-dung-natural-puja-dhoop-long-lasting-fragrance,,,,,,,,,,,,,,,,,,,,,,,,,,,,,,,,https://cdn.shopify.com/s/files/1/0979/4112/7479/files/Make_product_images_202604030002_1_3acbe297-e84e-44e3-a572-d4b7c6d2da4a.jpg?v=1775155542,3,"",,,,,,,,,,,,,,,
granth-incense-sambrani-dhoop-cups-12-pcs-with-holder-gir-cow-dung-natural-puja-dhoop-long-lasting-fragrance,,,,,,,,,,,,,,,,,,,,,,,,,,,,,,,,https://cdn.shopify.com/s/files/1/0979/4112/7479/files/Untitleddesign_2_353f439f-cb37-4026-b44d-dfe324b861ad.png?v=1775155546,4,"",,,,,,,,,,,,,,,
combo-of-special-sev-and-papad-chevdo,Combo of Special Sev and Papad Chevdo,"",Bhavnagris,"Food, Beverages & Tobacco > Food Items > Snack Foods > Trail & Snack Mixes","","",true,Title,Default Title,,,,,,,,,500.0,shopify,15,deny,manual,239.00,,true,true,,,,,"",https://cdn.shopify.com/s/files/1/0979/4112/7479/files/specialsevpromotion.jpg?v=1774465388,1,"",false,,,,,,,,,,,g,,,unlisted
combo-of-special-sev-and-papad-chevdo,,,,,,,,,,,,,,,,,,,,,,,,,,,,,,,,https://cdn.shopify.com/s/files/1/0979/4112/7479/files/special_papad_chevdo_chatpata.jpg?v=1774465349,2,"",,,,,,,,,,,,,,,
combo-of-special-sev-and-papad-chevdo,,,,,,,,,,,,,,,,,,,,,,,,,,,,,,,,https://cdn.shopify.com/s/files/1/0979/4112/7479/files/papad_chevdo_with_influencer.png?v=1774465343,3,"",,,,,,,,,,,,,,,
combo-of-special-sev-and-papad-chevdo,,,,,,,,,,,,,,,,,,,,,,,,,,,,,,,,https://cdn.shopify.com/s/files/1/0979/4112/7479/files/special_papad_chevdo.jpg?v=1774465342,4,"",,,,,,,,,,,,,,,
special-combo-of-different-test-from-bhavnagris,Special Combo of different test from Bhavnagris,"",Bhavnagris,"Food, Beverages & Tobacco > Food Items > Prepared Foods > Prepared Appetizers & Side Dishes","","",true,Title,Default Title,,,,,,,,,300.0,shopify,15,deny,manual,149.00,,true,true,,,,,"",https://cdn.shopify.com/s/files/1/0979/4112/7479/files/pizza_puri_with_cheese_dip_plain.jpg?v=1774466022,1,"",false,,,,,,,,,,,g,,,unlisted
special-combo-of-different-test-from-bhavnagris,,,,,,,,,,,,,,,,,,,,,,,,,,,,,,,,https://cdn.shopify.com/s/files/1/0979/4112/7479/files/PIZZA_PURI.png?v=1774466023,2,"",,,,,,,,,,,,,,,
special-combo-of-different-test-from-bhavnagris,,,,,,,,,,,,,,,,,,,,,,,,,,,,,,,,https://cdn.shopify.com/s/files/1/0979/4112/7479/files/pizza_puri_bk.png?v=1774466023,3,"",,,,,,,,,,,,,,,
combo-of-bhavnagris-special-test-gathiya,Combo of Bhavnagri's Special Test Gathiya,"",Bhavnagris,"Food, Beverages & Tobacco > Food Items > Snack Foods","","",true,Title,Default Title,,,,,,,,,500.0,shopify,15,deny,manual,229.00,,true,true,,,,,"",https://cdn.shopify.com/s/files/1/0979/4112/7479/files/lasaniya_gathiya_promotion.jpg?v=1774465261,1,"",false,,,chickpea,,vegetarian,,,,,,g,,,unlisted
combo-of-bhavnagris-special-test-gathiya,,,,,,,,,,,,,,,,,,,,,,,,,,,,,,,,https://cdn.shopify.com/s/files/1/0979/4112/7479/files/lasniya_gathiya_with_influencer.png?v=1774465256,2,"",,,,,,,,,,,,,,,
combo-of-bhavnagris-special-test-gathiya,,,,,,,,,,,,,,,,,,,,,,,,,,,,,,,,https://cdn.shopify.com/s/files/1/0979/4112/7479/files/lasaniya_gathiya_bk.jpg?v=1774465254,3,"",,,,,,,,,,,,,,,
combo-of-bhavnagris-special-test-gathiya,,,,,,,,,,,,,,,,,,,,,,,,,,,,,,,,https://cdn.shopify.com/s/files/1/0979/4112/7479/files/makahaniya_gathiya_pain_focus.png?v=1774464909,4,"",,,,,,,,,,,,,,,
combo-of-bhavnagris-special-test-gathiya,,,,,,,,,,,,,,,,,,,,,,,,,,,,,,,,https://cdn.shopify.com/s/files/1/0979/4112/7479/files/makhaniya_gathiya_promotion.jpg?v=1774464906,5,"",,,,,,,,,,,,,,,
combo-of-bhavnagris-special-test-gathiya,,,,,,,,,,,,,,,,,,,,,,,,,,,,,,,,https://cdn.shopify.com/s/files/1/0979/4112/7479/files/makhaniya_gathiya_with_influencer.png?v=1774464896,6,"",,,,,,,,,,,,,,,
combo-of-2-special-crunchy-peanuts,Combo of 2 Special crunchy Peanuts,"<p data-start=""355"" data-end=""681"">Enjoy the authentic taste of <strong data-start=""384"" data-end=""415"">Bhavnagri's Roasted Peanuts</strong>, freshly prepared in Bhavnagar using traditional roasting techniques. These premium quality groundnuts are slow roasted to achieve the perfect crunch and lightly salted flavor. Each pack is freshly made to maintain maximum freshness, aroma, and taste in every bite.</p>
<p data-start=""683"" data-end=""981"">Bhavnagri's roasted peanuts are an ideal snack for tea time, office breaks, travel, or family gatherings. Packed with natural protein and energy, they are a healthier alternative to deep-fried snacks. The hygienic and airtight packaging helps preserve crispiness and ensures long-lasting freshness.</p>
<p data-start=""983"" data-end=""1261"">Bhavnagar is well-known for its traditional snacks, and Bhavnagri's brings that same authentic flavor directly to your home. If you are searching for <strong data-start=""1133"" data-end=""1224"">best roasted peanuts online, salted groundnuts from Bhavnagar, or premium Indian snacks</strong>, this product is the perfect choice.<br><br><meta charset=""utf-8""></p>
<p data-start=""291"" data-end=""656"">Experience the perfect balance of sweetness and spice with <strong data-start=""350"" data-end=""390"">Bhavnagri's Sweet &amp; Chatpata Peanuts</strong>, freshly prepared in Bhavnagar. These premium quality peanuts are coated with a special blend of sweet and tangy masala that delivers a bold, mouth-watering flavor in every bite. The crunchy texture combined with chatpata seasoning makes this snack truly addictive.</p>
<p data-start=""658"" data-end=""963"">Prepared using high-quality groundnuts and traditional Bhavnagri spice recipes, this snack is ideal for tea time, parties, travel, or evening cravings. Each pack is freshly made to maintain maximum freshness, crispiness, and authentic taste. The hygienic packaging ensures long-lasting crunch and quality.</p>
<p data-start=""965"" data-end=""1264"">Bhavnagar is famous for its flavorful snacks, and <strong data-start=""1015"" data-end=""1055"">Bhavnagri's Sweet &amp; Chatpata Peanuts</strong> bring that authentic Gujarati taste straight to your home. If you are searching for <strong data-start=""1140"" data-end=""1227"">sweet spicy peanuts online, chatpata groundnuts, or Bhavnagri snacks from Bhavnagar</strong>, this is the perfect choice for you.</p>",Bhavnagris,"Food, Beverages & Tobacco > Food Items > Nuts & Seeds","","",true,Title,Default Title,,,,,,,,,500.0,shopify,15,deny,manual,229.00,,true,true,,,,,"",https://cdn.shopify.com/s/files/1/0979/4112/7479/files/saltedpeanutpainfocus.jpg?v=1772476765,1,"",false,,,peanuts,,vegetarian,,roasted; salted,peanuts,,,g,,,unlisted
combo-of-2-special-crunchy-peanuts,,,,,,,,,,,,,,,,,,,,,,,,,,,,,,,,https://cdn.shopify.com/s/files/1/0979/4112/7479/files/salted_peanut_promotion.jpg?v=1774465009,2,"",,,,,,,,,,,,,,,
combo-of-2-special-crunchy-peanuts,,,,,,,,,,,,,,,,,,,,,,,,,,,,,,,,https://cdn.shopify.com/s/files/1/0979/4112/7479/files/salted_peanuts_with_infuluncer.png?v=1774465005,3,"",,,,,,,,,,,,,,,
combo-of-2-special-crunchy-peanuts,,,,,,,,,,,,,,,,,,,,,,,,,,,,,,,,https://cdn.shopify.com/s/files/1/0979/4112/7479/files/sweet_chatpata_peanuts_bk3.png?v=1774465069,4,"",,,,,,,,,,,,,,,
combo-of-2-special-crunchy-peanuts,,,,,,,,,,,,,,,,,,,,,,,,,,,,,,,,https://cdn.shopify.com/s/files/1/0979/4112/7479/files/sweet_chatopata_with_influ.png?v=1774465070,5,"",,,,,,,,,,,,,,,
combo-of-2-special-crunchy-peanuts,,,,,,,,,,,,,,,,,,,,,,,,,,,,,,,,https://cdn.shopify.com/s/files/1/0979/4112/7479/files/sweet_chatpata_peanut_promotion.jpg?v=1774465077,6,"",,,,,,,,,,,,,,,
bhavnagris-sev-crispy-thin-gujarati-sev-from-bhavnagar-authentic-namkeen-snack,Bhavnagri's Sev – Crispy & Thin Gujarati Sev from Bhavnagar | Authentic Namkeen Snack,"<p data-start=""271"" data-end=""585"">Enjoy the authentic crunch of <strong data-start=""301"" data-end=""320"">Bhavnagri's Sev</strong>, a traditional Gujarati namkeen prepared in Bhavnagar using premium quality gram flour (besan) and carefully selected spices. This thin and crispy sev delivers a perfectly balanced salty and mildly spicy flavor, making it a versatile snack loved by all age groups.</p>
<p data-start=""587"" data-end=""946"">Freshly made using time-tested Bhavnagri recipes, our sev is light, crunchy, and full of flavor. It can be enjoyed on its own as a tea-time snack or used as a topping for popular Indian dishes like poha, chaat, bhel, and farsan mixtures. Hygienically packed to maintain maximum freshness and crispiness, every pack ensures premium quality and authentic taste.</p>
<p data-start=""948"" data-end=""1218"">Bhavnagar is widely known for its famous gathiya and sev varieties, and <strong data-start=""1020"" data-end=""1039"">Bhavnagri's Sev</strong> proudly continues that tradition. If you are searching for <strong data-start=""1099"" data-end=""1175"">Sev online, Gujarati sev from Bhavnagar, or crispy Indian namkeen snacks</strong>, this is the perfect choice for your home.</p>",Bhavnagris,"Food, Beverages & Tobacco > Food Items > Snack Foods > Trail & Snack Mixes","","",true,Title,Default Title,,,,,,,,,250.0,shopify,25,deny,manual,115.00,,true,true,,,,,"",https://cdn.shopify.com/s/files/1/0979/4112/7479/files/specialsevpromotion.jpg?v=1774465388,1,"",false,,,chickpea,,,,,,,,g,,,active
bhavnagris-papad-chevdo-crispy-spicy-papad-mix-from-bhavnagar-authentic-gujarati-namkeen,Bhavnagri's Papad Chevdo – Crispy & Spicy Papad Mix from Bhavnagar | Authentic Gujarati Namkeen,"<p data-start=""289"" data-end=""608"">Crunch into the irresistible taste of <strong data-start=""327"" data-end=""355"">Bhavnagri's Papad Chevdo</strong>, a classic Gujarati namkeen made in Bhavnagar using traditional recipes. This delicious snack is prepared with crispy papad pieces blended with a flavorful mix of spices, peanuts, and sev to create the perfect balance of crunch and spice in every bite.</p>
<p data-start=""610"" data-end=""1004"">Freshly prepared to maintain authentic taste and texture, Papad Chevdo is a perfect snack for tea-time, festive celebrations, travel, and family gatherings. The light yet flavorful seasoning gives it a mildly spicy and savory profile that makes it suitable for all age groups. Packed hygienically to preserve freshness and crispiness, every pack delivers premium quality and traditional flavor.</p>
<p data-start=""1006"" data-end=""1285"">Bhavnagar is famous for its wide variety of savory snacks, and <strong data-start=""1069"" data-end=""1097"">Bhavnagri's Papad Chevdo</strong> proudly carries forward that legacy. If you are searching for <strong data-start=""1160"" data-end=""1248"">Papad Chevdo online, Gujarati chevdo from Bhavnagar, or crispy Indian namkeen snacks</strong>, this is the perfect choice for you.</p>",Bhavnagris,"Food, Beverages & Tobacco > Food Items > Snack Foods > Trail & Snack Mixes","","",true,Title,Default Title,,,,,,,,,250.0,shopify,25,deny,manual,129.00,,true,true,,,,,"",https://cdn.shopify.com/s/files/1/0979/4112/7479/files/special_papad_chevdo.jpg?v=1774465342,1,"",false,,,peanuts,,,,,,,,g,,,active
bhavnagris-papad-chevdo-crispy-spicy-papad-mix-from-bhavnagar-authentic-gujarati-namkeen,,,,,,,,,,,,,,,,,,,,,,,,,,,,,,,,https://cdn.shopify.com/s/files/1/0979/4112/7479/files/papad_chevdo_with_influencer.png?v=1774465343,2,"",,,,,,,,,,,,,,,
bhavnagris-papad-chevdo-crispy-spicy-papad-mix-from-bhavnagar-authentic-gujarati-namkeen,,,,,,,,,,,,,,,,,,,,,,,,,,,,,,,,https://cdn.shopify.com/s/files/1/0979/4112/7479/files/special_papad_chevdo_chatpata.jpg?v=1774465349,3,"",,,,,,,,,,,,,,,
bhavnagris-mari-gathiya-authentic-pepper-gathiya-from-bhavnagar-crispy-gujarati-namkeen,Bhavnagri's Mari Gathiya – Authentic Pepper Gathiya from Bhavnagar | Crispy Gujarati Namkeen,"<p data-start=""288"" data-end=""608"">Enjoy the bold and spicy taste of <strong data-start=""322"" data-end=""350"">Bhavnagri's Mari Gathiya</strong>, a traditional Bhavnagri snack seasoned with the perfect amount of black pepper (mari). Made in Bhavnagar using premium quality gram flour (besan) and authentic spices, this crispy gathiya delivers a mildly spicy kick with a satisfying crunch in every bite.</p>
<p data-start=""610"" data-end=""978"">Prepared using time-tested Gujarati recipes, Mari Gathiya is freshly made to maintain its signature texture and flavor. The aromatic pepper seasoning enhances the overall taste, making it an ideal snack for tea-time, breakfast pairing, travel, or festive occasions. Packed hygienically to retain crispiness and freshness, it brings homemade-style quality to your home.</p>
<p data-start=""980"" data-end=""1277"">Bhavnagar is famous for its delicious and traditional gathiya varieties, and <strong data-start=""1057"" data-end=""1085"">Bhavnagri's Mari Gathiya</strong> proudly carries that legacy forward. If you are searching for <strong data-start=""1148"" data-end=""1240"">Mari Gathiya online, pepper gathiya from Bhavnagar, or authentic Gujarati namkeen snacks</strong>, this is the perfect choice for you.</p>",Bhavnagris,"Food, Beverages & Tobacco > Food Items > Snack Foods > Trail & Snack Mixes","","",true,Title,Default Title,,,,,,,,,250.0,shopify,26,deny,manual,105.00,,true,true,,,,,"",https://cdn.shopify.com/s/files/1/0979/4112/7479/files/mariGathiyabackPALITANA.png?v=1772481620,1,"",false,,,chickpea,,,,,,,,g,,,unlisted
bhavnagris-makhaniya-gathiya-buttery-soft-crispy-gathiya-from-bhavnagar-authentic-gujarati-namkeen,Bhavnagri's Makhaniya Gathiya 250gm– Buttery Soft & Crispy Gathiya from Bhavnagar | Authentic Gujarati Namkeen,"<p data-start=""304"" data-end=""655"">Delight in the rich and buttery flavor of <strong data-start=""346"" data-end=""379"">Bhavnagri's Makhaniya Gathiya</strong>, a premium Gujarati snack made in Bhavnagar using traditional recipes and high-quality ingredients. Prepared from fine gram flour (besan) and blended with mild spices and makhaniya taste, this gathiya offers a light, crispy texture with a smooth buttery finish in every bite.</p>
<p data-start=""657"" data-end=""1004"">Freshly made to maintain authentic Bhavnagri flavor, Makhaniya Gathiya is perfect for tea-time, breakfast pairing, festive occasions, or everyday snacking. Its mild and balanced taste makes it suitable for all age groups – from kids to elders. Hygienically packed to preserve freshness and crunch, it delivers homemade-style quality in every pack.</p>
<p data-start=""1006"" data-end=""1315"">Bhavnagar is famous for its delicious gathiya, and <strong data-start=""1057"" data-end=""1090"">Bhavnagri's Makhaniya Gathiya</strong> brings that authentic street-style taste straight to your doorstep. If you are searching for <strong data-start=""1184"" data-end=""1272"">Makhaniya Gathiya online, butter gathiya from Bhavnagar, or premium Gujarati namkeen</strong>, this is the perfect snack choice for you.</p>",Bhavnagris,"Food, Beverages & Tobacco > Food Items > Snack Foods > Trail & Snack Mixes","","",true,Title,Default Title,,,,,,,,,0.0,shopify,25,deny,manual,115.00,,true,true,,,,,"",https://cdn.shopify.com/s/files/1/0979/4112/7479/files/makhaniya_gathiya.jpg?v=1774464895,1,"",false,,,chickpea,,,,,,,,kg,,,active
bhavnagris-makhaniya-gathiya-buttery-soft-crispy-gathiya-from-bhavnagar-authentic-gujarati-namkeen,,,,,,,,,,,,,,,,,,,,,,,,,,,,,,,,https://cdn.shopify.com/s/files/1/0979/4112/7479/files/Create_a_premium_e-commerce_4-panel_202605070022.jpg?v=1778271094,2,"",,,,,,,,,,,,,,,
bhavnagris-makhaniya-gathiya-buttery-soft-crispy-gathiya-from-bhavnagar-authentic-gujarati-namkeen,,,,,,,,,,,,,,,,,,,,,,,,,,,,,,,,https://cdn.shopify.com/s/files/1/0979/4112/7479/files/Create_a_premium_e-commerce_feature_202605070022.jpg?v=1778271094,3,"",,,,,,,,,,,,,,,
bhavnagris-makhaniya-gathiya-buttery-soft-crispy-gathiya-from-bhavnagar-authentic-gujarati-namkeen,,,,,,,,,,,,,,,,,,,,,,,,,,,,,,,,https://cdn.shopify.com/s/files/1/0979/4112/7479/files/makhaniya_gathiya_promotion.jpg?v=1774464906,4,"",,,,,,,,,,,,,,,
bhavnagris-makhaniya-gathiya-buttery-soft-crispy-gathiya-from-bhavnagar-authentic-gujarati-namkeen,,,,,,,,,,,,,,,,,,,,,,,,,,,,,,,,https://cdn.shopify.com/s/files/1/0979/4112/7479/files/Create_a_premium_lifestyle_e-commerce_202605070022.jpg?v=1778271094,5,"",,,,,,,,,,,,,,,
bhavnagris-makhaniya-gathiya-buttery-soft-crispy-gathiya-from-bhavnagar-authentic-gujarati-namkeen,,,,,,,,,,,,,,,,,,,,,,,,,,,,,,,,https://cdn.shopify.com/s/files/1/0979/4112/7479/files/Create_a_premium_close-up_trust-building_202605070023.jpg?v=1778271094,6,"",,,,,,,,,,,,,,,
bhavnagris-makhaniya-gathiya-buttery-soft-crispy-gathiya-from-bhavnagar-authentic-gujarati-namkeen,,,,,,,,,,,,,,,,,,,,,,,,,,,,,,,,https://cdn.shopify.com/s/files/1/0979/4112/7479/files/IMG-7932.jpg?v=1778145750,7,"",,,,,,,,,,,,,,,
bhavnagris-makhaniya-gathiya-buttery-soft-crispy-gathiya-from-bhavnagar-authentic-gujarati-namkeen,,,,,,,,,,,,,,,,,,,,,,,,,,,,,,,,https://cdn.shopify.com/s/files/1/0979/4112/7479/files/makhaniya_gathiya_with_influencer.png?v=1774464896,8,"",,,,,,,,,,,,,,,
bhavnagris-lasniya-gathiya-authentic-garlic-gathiya-from-bhavnagar-crispy-gujarati-namkeen,Bhavnagri's Lasniya Gathiya 250gm– Authentic Garlic Gathiya from Bhavnagar | Crispy Gujarati Namkeen,"<p data-start=""292"" data-end=""606"">Savor the bold and aromatic taste of <strong data-start=""329"" data-end=""360"">Bhavnagri's Lasniya Gathiya</strong>, a traditional Gujarati snack infused with rich garlic flavor. Prepared in Bhavnagar using high-quality besan (gram flour) and authentic spices, this crispy gathiya delivers a perfect combination of crunch and spicy lasaniya taste in every bite.</p>
<p data-start=""608"" data-end=""953"">Our Lasniya Gathiya is freshly made using time-tested Bhavnagri recipes to ensure authentic flavor and superior texture. The strong yet balanced garlic seasoning makes it a favorite for tea-time, family gatherings, festive occasions, and daily snacking. Carefully packed in hygienic packaging, it retains its freshness and crispiness for longer.</p>
<p data-start=""955"" data-end=""1264"">Bhavnagar is widely known for its famous gathiya, and <strong data-start=""1009"" data-end=""1040"">Bhavnagri's Lasniya Gathiya</strong> brings that traditional street-style taste directly to your home. If you are searching for <strong data-start=""1132"" data-end=""1221"">Lasaniya Gathiya online, garlic gathiya from Bhavnagar, or authentic Gujarati namkeen</strong>, this is the perfect snack choice for you.</p>",Bhavnagris,"Food, Beverages & Tobacco > Food Items > Snack Foods > Trail & Snack Mixes","","",true,Title,Default Title,,,,,,,,,250.0,shopify,25,deny,manual,129.00,,true,true,,,,,"",https://cdn.shopify.com/s/files/1/0979/4112/7479/files/lasniyagathiyaplain.png?v=1778271187,1,"",false,,,peanuts,,,,,,,,g,,,active
bhavnagris-lasniya-gathiya-authentic-garlic-gathiya-from-bhavnagar-crispy-gujarati-namkeen,,,,,,,,,,,,,,,,,,,,,,,,,,,,,,,,https://cdn.shopify.com/s/files/1/0979/4112/7479/files/Create_a_premium_e-commerce_feature_202605070016.jpg?v=1778271187,2,"",,,,,,,,,,,,,,,
bhavnagris-lasniya-gathiya-authentic-garlic-gathiya-from-bhavnagar-crispy-gujarati-namkeen,,,,,,,,,,,,,,,,,,,,,,,,,,,,,,,,https://cdn.shopify.com/s/files/1/0979/4112/7479/files/Create_a_premium_e-commerce_4-panel_202605070016.jpg?v=1778271187,3,"",,,,,,,,,,,,,,,
bhavnagris-lasniya-gathiya-authentic-garlic-gathiya-from-bhavnagar-crispy-gujarati-namkeen,,,,,,,,,,,,,,,,,,,,,,,,,,,,,,,,https://cdn.shopify.com/s/files/1/0979/4112/7479/files/Create_a_premium_lifestyle_e-commerce_202605070016.jpg?v=1778271188,4,"",,,,,,,,,,,,,,,
bhavnagris-lasniya-gathiya-authentic-garlic-gathiya-from-bhavnagar-crispy-gujarati-namkeen,,,,,,,,,,,,,,,,,,,,,,,,,,,,,,,,https://cdn.shopify.com/s/files/1/0979/4112/7479/files/Create_a_premium_close-up_trust-building_202605070017.jpg?v=1778271169,5,"",,,,,,,,,,,,,,,
bhavnagris-lasniya-gathiya-authentic-garlic-gathiya-from-bhavnagar-crispy-gujarati-namkeen,,,,,,,,,,,,,,,,,,,,,,,,,,,,,,,,https://cdn.shopify.com/s/files/1/0979/4112/7479/files/lasaniya_gathiya_promotion.jpg?v=1774465261,6,"",,,,,,,,,,,,,,,
bhavnagris-lasniya-gathiya-authentic-garlic-gathiya-from-bhavnagar-crispy-gujarati-namkeen,,,,,,,,,,,,,,,,,,,,,,,,,,,,,,,,https://cdn.shopify.com/s/files/1/0979/4112/7479/files/lasaniya_gathiya_bk.jpg?v=1774465254,7,"",,,,,,,,,,,,,,,
bhavnagris-lasniya-gathiya-authentic-garlic-gathiya-from-bhavnagar-crispy-gujarati-namkeen,,,,,,,,,,,,,,,,,,,,,,,,,,,,,,,,https://cdn.shopify.com/s/files/1/0979/4112/7479/files/lasniya_gathiya_with_influencer.png?v=1774465256,8,"",,,,,,,,,,,,,,,
bhavnagris-hing-jeera-chana-roasted-chana-with-asafoetida-cumin-authentic-bhavnagar-snack,Bhavnagri's Hing Jeera Chana 250gm– Roasted Chana with Asafoetida & Cumin | Authentic Bhavnagar Snack,"<p data-start=""295"" data-end=""652"">Enjoy the bold and traditional flavors of <strong data-start=""337"" data-end=""369"">Bhavnagri's Hing Jeera Chana</strong>, a classic Bhavnagri snack made with premium roasted chana seasoned with aromatic hing (asafoetida) and jeera (cumin). Prepared in Bhavnagar using time-tested recipes, this crunchy snack delivers a perfectly balanced salty and mildly spicy taste that keeps you coming back for more.</p>
<p data-start=""654"" data-end=""966"">Carefully roasted to achieve the ideal crunch, Hing Jeera Chana is not only delicious but also a healthier snacking option. Rich in protein and fiber, roasted chana is a nutritious alternative to fried snacks. The blend of hing and jeera enhances digestion while adding a distinctive traditional Gujarati flavor.</p>
<p data-start=""968"" data-end=""1259"">Bhavnagri's brings you authentic snacks straight from Bhavnagar, packed hygienically to preserve freshness and crispiness. If you are searching for <strong data-start=""1116"" data-end=""1214"">hing jeera chana online, roasted chana snack from Bhavnagar, or healthy Indian namkeen options</strong>, this flavorful snack is the perfect choice.</p>",Bhavnagris,"Food, Beverages & Tobacco > Food Items > Snack Foods > Trail & Snack Mixes","","",true,Title,Default Title,,,,,,,,,250.0,shopify,14,deny,manual,129.00,,true,true,,,,,"",https://cdn.shopify.com/s/files/1/0979/4112/7479/files/hingjeerachanapainfocus.png?v=1774161048,1,"",false,,,sulphites,,vegetarian,,,,,,g,,,active
bhavnagris-hing-jeera-chana-roasted-chana-with-asafoetida-cumin-authentic-bhavnagar-snack,,,,,,,,,,,,,,,,,,,,,,,,,,,,,,,,https://cdn.shopify.com/s/files/1/0979/4112/7479/files/hing_jeera_with_influencer.png?v=1774465210,2,"",,,,,,,,,,,,,,,
bhavnagris-hing-jeera-chana-roasted-chana-with-asafoetida-cumin-authentic-bhavnagar-snack,,,,,,,,,,,,,,,,,,,,,,,,,,,,,,,,https://cdn.shopify.com/s/files/1/0979/4112/7479/files/Hing_jeera_chana.jpg?v=1774465213,3,"",,,,,,,,,,,,,,,
bhavnagris-cheesewala-peanuts-crunchy-cheese-coated-groundnuts-premium-bhavnagar-snacks,Bhavnagri's Cheesewala Peanuts 250gm– Crunchy Cheese Coated Groundnuts | Premium Bhavnagar Snacks,"<p data-start=""292"" data-end=""621"">Indulge in the rich and creamy taste of <strong data-start=""332"" data-end=""366"">Bhavnagri's Cheesewala Peanuts</strong>, a delicious fusion of crunchy roasted peanuts and irresistible cheese flavor. Made in Bhavnagar using premium quality groundnuts, these peanuts are perfectly coated with a savory cheese seasoning that delivers a bold, mouth-watering taste in every bite.</p>
<p data-start=""623"" data-end=""946"">Each batch is freshly prepared to maintain crispiness, flavor, and freshness. The combination of crunchy texture and cheesy goodness makes it an ideal snack for kids, parties, movie nights, office breaks, and evening tea time. Packed hygienically to retain freshness, this snack offers both taste and quality in every pack.</p>
<p data-start=""948"" data-end=""1213"">Bhavnagri's is known for authentic Bhavnagri snacks, and Cheesewala Peanuts are a modern twist on traditional flavors. If you are searching for <strong data-start=""1092"" data-end=""1176"">cheese peanuts online, flavored peanuts from Bhavnagar, or premium Indian snacks</strong>, this is the perfect choice for you.</p>",Bhavnagris,"Food, Beverages & Tobacco","","",true,Title,Default Title,,,,,,,,,250.0,shopify,14,deny,manual,129.00,,true,true,,,,,"",https://cdn.shopify.com/s/files/1/0979/4112/7479/files/cheesewalapeanutspainfocus.png?v=1772477734,1,"",false,,,,,,,,,,,g,,,active
bhavnagris-cheesewala-peanuts-crunchy-cheese-coated-groundnuts-premium-bhavnagar-snacks,,,,,,,,,,,,,,,,,,,,,,,,,,,,,,,,https://cdn.shopify.com/s/files/1/0979/4112/7479/files/cheesewala_peanuts_with_influencer.png?v=1774465150,2,"",,,,,,,,,,,,,,,
bhavnagris-cheesewala-peanuts-crunchy-cheese-coated-groundnuts-premium-bhavnagar-snacks,,,,,,,,,,,,,,,,,,,,,,,,,,,,,,,,https://cdn.shopify.com/s/files/1/0979/4112/7479/files/CHEESEWAWLA_PEANUT_promotion.jpg?v=1774465154,3,"",,,,,,,,,,,,,,,
bhavnagris-sweet-chatpata-peanuts-spicy-masala-coated-groundnuts-from-bhavnagar,Bhavnagri's Sweet & Chatpata Peanuts – Spicy Masala Coated Groundnuts from Bhavnagar,"<p data-start=""291"" data-end=""656"">Experience the perfect balance of sweetness and spice with <strong data-start=""350"" data-end=""390"">Bhavnagri's Sweet &amp; Chatpata Peanuts</strong>, freshly prepared in Bhavnagar. These premium quality peanuts are coated with a special blend of sweet and tangy masala that delivers a bold, mouth-watering flavor in every bite. The crunchy texture combined with chatpata seasoning makes this snack truly addictive.</p>
<p data-start=""658"" data-end=""963"">Prepared using high-quality groundnuts and traditional Bhavnagri spice recipes, this snack is ideal for tea time, parties, travel, or evening cravings. Each pack is freshly made to maintain maximum freshness, crispiness, and authentic taste. The hygienic packaging ensures long-lasting crunch and quality.</p>
<p data-start=""965"" data-end=""1264"">Bhavnagar is famous for its flavorful snacks, and <strong data-start=""1015"" data-end=""1055"">Bhavnagri's Sweet &amp; Chatpata Peanuts</strong> bring that authentic Gujarati taste straight to your home. If you are searching for <strong data-start=""1140"" data-end=""1227"">sweet spicy peanuts online, chatpata groundnuts, or Bhavnagri snacks from Bhavnagar</strong>, this is the perfect choice for you.</p>",Bhavnagris,"Food, Beverages & Tobacco","","",true,Title,Default Title,,,,,,,,,250.0,shopify,14,deny,manual,120.00,,true,true,,,,,"",https://cdn.shopify.com/s/files/1/0979/4112/7479/files/sweet_and_chatpata_peanut_pain_focus.jpg?v=1774464569,1,"",false,,,,,,,,,,,g,,,active
bhavnagris-sweet-chatpata-peanuts-spicy-masala-coated-groundnuts-from-bhavnagar,,,,,,,,,,,,,,,,,,,,,,,,,,,,,,,,https://cdn.shopify.com/s/files/1/0979/4112/7479/files/sweet_chatopata_with_influ.png?v=1774465070,2,"",,,,,,,,,,,,,,,
bhavnagris-sweet-chatpata-peanuts-spicy-masala-coated-groundnuts-from-bhavnagar,,,,,,,,,,,,,,,,,,,,,,,,,,,,,,,,https://cdn.shopify.com/s/files/1/0979/4112/7479/files/sweet_chatpata_peanut_promotion.jpg?v=1774465077,3,"",,,,,,,,,,,,,,,
bhavnagris-roasted-peanuts-fresh-crunchy-salted-groundnuts-from-bhavnagar,Bhavnagri's Roasted Peanuts – Fresh & Crunchy Salted Groundnuts from Bhavnagar,"<p data-start=""355"" data-end=""681"">Enjoy the authentic taste of <strong data-start=""384"" data-end=""415"">Bhavnagri's Roasted Peanuts</strong>, freshly prepared in Bhavnagar using traditional roasting techniques. These premium quality groundnuts are slow roasted to achieve the perfect crunch and lightly salted flavor. Each pack is freshly made to maintain maximum freshness, aroma, and taste in every bite.</p>
<p data-start=""683"" data-end=""981"">Bhavnagri's roasted peanuts are an ideal snack for tea time, office breaks, travel, or family gatherings. Packed with natural protein and energy, they are a healthier alternative to deep-fried snacks. The hygienic and airtight packaging helps preserve crispiness and ensures long-lasting freshness.</p>
<p data-start=""983"" data-end=""1261"">Bhavnagar is well-known for its traditional snacks, and Bhavnagri's brings that same authentic flavor directly to your home. If you are searching for <strong data-start=""1133"" data-end=""1224"">best roasted peanuts online, salted groundnuts from Bhavnagar, or premium Indian snacks</strong>, this product is the perfect choice.</p>",Bhavnagris,"Food, Beverages & Tobacco","","",true,Title,Default Title,,,,,,,,,250.0,shopify,14,deny,manual,100.00,,true,true,,,,,"",https://cdn.shopify.com/s/files/1/0979/4112/7479/files/saltedpeanutpainfocus.jpg?v=1772476765,1,"",false,,,,,,,,,,,g,,,active
bhavnagris-roasted-peanuts-fresh-crunchy-salted-groundnuts-from-bhavnagar,,,,,,,,,,,,,,,,,,,,,,,,,,,,,,,,https://cdn.shopify.com/s/files/1/0979/4112/7479/files/salted_peanut_promotion.jpg?v=1774465009,2,"",,,,,,,,,,,,,,,
bhavnagris-roasted-peanuts-fresh-crunchy-salted-groundnuts-from-bhavnagar,,,,,,,,,,,,,,,,,,,,,,,,,,,,,,,,https://cdn.shopify.com/s/files/1/0979/4112/7479/files/Create_a_premium_e-commerce_feature_202605082338.jpg?v=1778270789,3,"",,,,,,,,,,,,,,,
bhavnagris-roasted-peanuts-fresh-crunchy-salted-groundnuts-from-bhavnagar,,,,,,,,,,,,,,,,,,,,,,,,,,,,,,,,https://cdn.shopify.com/s/files/1/0979/4112/7479/files/Create_a_premium_e-commerce_4-panel_202605082339.jpg?v=1778270790,4,"",,,,,,,,,,,,,,,
bhavnagris-roasted-peanuts-fresh-crunchy-salted-groundnuts-from-bhavnagar,,,,,,,,,,,,,,,,,,,,,,,,,,,,,,,,https://cdn.shopify.com/s/files/1/0979/4112/7479/files/Create_a_premium_close-up_trust-building_202605082341.jpg?v=1778270789,5,"",,,,,,,,,,,,,,,
bhavnagris-roasted-peanuts-fresh-crunchy-salted-groundnuts-from-bhavnagar,,,,,,,,,,,,,,,,,,,,,,,,,,,,,,,,https://cdn.shopify.com/s/files/1/0979/4112/7479/files/salted_peanuts_with_infuluncer.png?v=1774465005,6,"",,,,,,,,,,,,,,,
bhavnagris-roasted-peanuts-fresh-crunchy-salted-groundnuts-from-bhavnagar,,,,,,,,,,,,,,,,,,,,,,,,,,,,,,,,https://cdn.shopify.com/s/files/1/0979/4112/7479/files/Create_a_premium_lifestyle_e-commerce_202605082339.jpg?v=1778270790,7,"",,,,,,,,,,,,,,,
premium-nylon-gathiya-250-gm-soft-crispy-gujarati-namkeen,Premium Nylon Gathiya 250 gm – Soft & Crispy Gujarati Namkeen,"<p data-start=""186"" data-end=""524"">Our Nylon Gathiya is prepared in <strong>traditional Bhavnagar</strong> style using<strong> premium quality</strong> besan and perfectly balanced spices. The texture is extra thin, soft, and light, giving you that authentic melt-in-mouth experience. <strong>Carefully fried in fresh oil </strong>to maintain<strong> crispiness </strong>and rich flavour, it is ideal for daily breakfast or evening tea time.</p>
<p data-start=""526"" data-end=""774"">Made and packed hygienically to ensure freshness, this <strong>Bhavnagar special namkeen </strong>brings the real taste of Gujarat to your home. Serve it with fried green chillies, papaya sambharo, or enjoy it plain – every bite gives pure traditional satisfaction.</p>",Bhavnagris,"Food, Beverages & Tobacco > Food Items > Snack Foods > Trail & Snack Mixes","","",true,Title,Default Title,,,,,,,,NG-250,0.0,,0,deny,manual,120.00,120.00,true,true,,,,,"",,,,false,,,,,,,,,,,kg,,85.00,unlisted
